epoch,train_loss,train_acc
1,0.3944287346417843,0.8705135039937522
2,0.06843637226661767,0.9791277985074627
3,0.05407204347323062,0.9839807658561511
